NO_MUNICIPIO_PROVA,NOTA_MEDIA,NU_NOTA_MT,NU_NOTA_LC,NU_NOTA_CH,NU_NOTA_CN,NU_NOTA_REDACAO,QTD_CANDIDATOS,Ano,municipio_norm
AFONSO CLAUDIO,480.3074393063584,494.47988439306357,473.8645086705202,506.65838150289017,467.73317919075146,460.1190476190476,865,2012,AFONSO CLAUDIO
AGUA DOCE DO NORTE,461.0173188405797,469.28666666666663,459.9301449275362,482.7889855072464,449.4942028985507,445.42586750788644,345,2012,AGUA DOCE DO NORTE
ALEGRE,499.70818967312096,527.5314178638351,485.9036227357901,517.3887984981227,483.43285356695867,486.5495081967213,1601,2012,ALEGRE
ANCHIETA,501.44725726141075,518.6540248962656,490.23817427385893,523.7401162790698,477.5951827242525,499.2730404823428,1205,2012,ANCHIETA
ARACRUZ,503.28246425049315,524.3390532544379,490.38757396449705,522.8979652238254,479.5901220865705,501.36862592448426,2704,2012,ARACRUZ
BAIXO GUANDU,494.68848269123396,516.9164991624791,487.70418760469016,514.2321039396479,474.19614417435037,482.2981691368788,1194,2012,BAIXO GUANDU
BARRA DE SAO FRANCISCO,476.5780666035354,487.81136363636364,471.2948863636364,495.4116809116809,459.3187084520418,471.84,1056,2012,BARRA DE SAO FRANCISCO
BREJETUBA,461.94242358078606,471.2301310043668,459.9240174672489,484.6860262008734,450.48427947598253,444.95412844036696,229,2012,BREJETUBA
CACHOEIRO DE ITAPEMIRIM,507.22016773464003,520.6741613267999,494.50947983415,523.4601890359168,482.6891304347826,518.9792858551982,5306,2012,CACHOEIRO DE ITAPEMIRIM
CARIACICA,491.0507739216213,504.80356470271727,490.4536319612591,517.7185170178282,472.00960291734197,472.07436685697553,7434,2012,CARIACICA
CASTELO,513.0718311065433,537.045632065776,496.5679342240493,529.6562757201647,494.71234567901234,509.5084388185654,973,2012,CASTELO
COLATINA,512.1030152764306,533.5620756547041,496.0461445198836,527.3609298928919,487.5800389483934,518.7836404948246,4124,2012,COLATINA
CONCEICAO DA BARRA,472.70435443823715,477.9972067039106,469.66815642458096,500.617723880597,452.00764925373136,468.07157057654075,537,2012,CONCEICAO DA BARRA
DOMINGOS MARTINS,504.15786587098603,540.6176470588235,494.65166240409206,521.2535897435897,488.71444444444444,476.9106984969054,1173,2012,DOMINGOS MARTINS
ECOPORANGA,459.56274066091953,467.5935344827586,456.86056034482755,481.55075593952483,449.42095032397407,445.2731591448931,464,2012,ECOPORANGA
GUACUI,488.7257506053268,507.4319612590799,477.85230024213075,508.3138014527845,471.9554479418886,480.9961685823755,826,2012,GUACUI
GUARAPARI,501.5483367612779,520.7870012340601,493.7719045660222,523.8002900953171,479.13588893493574,492.87674825174827,2431,2012,GUARAPARI
IBIRACU,497.42377669902913,521.6431067961165,484.59436893203883,520.2510679611651,477.93223300970874,484.80492813141683,515,2012,IBIRACU
ITAPEMIRIM,473.781105894627,480.2309859154929,467.4615023474179,498.3020504731861,456.88548895899055,467.24080267558526,639,2012,ITAPEMIRIM
IUNA,498.47815018315015,519.6790363482671,489.5147928994083,516.553604749788,475.3992366412213,493.0122591943958,1183,2012,IUNA
JAGUARE,485.8284913793104,492.7157327586207,476.7702586206896,508.4512931034483,470.3002155172413,482.53881278538813,464,2012,JAGUARE
JOAO NEIVA,518.6361386918834,552.2647754137116,498.2789598108747,530.8376777251185,500.7983412322275,512.7543424317618,423,2012,JOAO NEIVA
LINHARES,501.55893078452004,515.603367239565,488.6499123114696,518.3298208640674,481.42929399367756,507.04309063893015,2851,2012,LINHARES
MARATAIZES,483.28375448906297,496.09128305582766,475.9266405484819,504.2726647000983,463.20609636184855,478.68448098663924,1021,2012,MARATAIZES
MIMOSO DO SUL,481.47975172975174,490.35531135531136,472.9019536019536,501.6685434516524,467.64638922888616,478.97172236503854,819,2012,MIMOSO DO SUL
MONTANHA,463.2056809750928,472.62925278219393,461.53847376788553,484.956847133758,449.1093949044586,449.33554817275746,629,2012,MONTANHA
NOVA VENECIA,495.313062882263,514.1048738532111,482.20470183486236,512.5540540540541,476.6245543415756,494.7889570552147,1744,2012,NOVA VENECIA
PEDRO CANARIO,455.2838819444445,463.29055555555556,456.6829166666667,475.3489568845619,444.0474269819193,439.47400611620793,720,2012,PEDRO CANARIO
PINHEIROS,470.9251863354037,479.6888198757764,472.3008281573499,492.21387163561076,449.68757763975157,462.7763157894737,483,2012,PINHEIROS
SANTA MARIA DE JETIBA,493.0815518913676,510.6058195926285,485.26847720659555,514.5793203883495,476.74611650485434,480.281973816717,1031,2012,SANTA MARIA DE JETIBA
SANTA TERESA,504.0229719963867,527.3461607949413,489.80623306233065,517.2025293586269,488.47037037037035,498.7325800376648,1107,2012,SANTA TERESA
SAO GABRIEL DA PALHA,487.38778481012656,503.1992210321324,479.8563777994158,510.3903414634146,468.5809756097561,477.1106557377049,1027,2012,SAO GABRIEL DA PALHA
SAO MATEUS,493.5838941871026,512.7855040871934,485.6168392370572,515.1127938764353,472.9396118097321,483.70474014848656,3670,2012,SAO MATEUS
SERRA,497.07007544512624,516.7789960768534,494.5879287798008,522.9780987978584,475.22662895241945,477.64228348165835,9941,2012,SERRA
SOORETAMA,461.3250458333334,458.82050000000004,459.6485,490.25025125628144,449.21959798994976,451.6710875331565,400,2012,SOORETAMA
VENDA NOVA DO IMIGRANTE,513.3295632333768,535.3475880052151,495.412777053455,529.1318330071755,495.4294194390085,513.2335570469799,1534,2012,VENDA NOVA DO IMIGRANTE
VIANA,477.67841633199464,483.63919678714865,479.30401606425704,505.7170692431562,461.3166666666667,460.4558058925477,1245,2012,VIANA
VILA VELHA,526.278126533629,555.3842838137472,515.5288869179601,547.5099022222223,501.35876444444443,512.3582264852696,11275,2012,VILA VELHA
VITORIA,545.2014494743557,578.4637263876175,528.9515186818674,563.5338476937193,518.3342313787639,536.9616169108103,12017,2012,VITORIA
AFONSO CLAUDIO,488.26318617021315,505.1379787234043,473.55734042553195,507.1595948827292,466.15948827292107,490.81788440567067,940,2013,AFONSO CLAUDIO
AGUA DOCE DO NORTE,469.44271361502365,478.0371830985916,462.5149295774648,492.22691218130313,447.8243626062323,469.06976744186045,355,2013,AGUA DOCE DO NORTE
ALEGRE,505.6990447378071,528.4193725921849,485.0069895432031,522.7510181618052,481.7069345074298,512.2259887005649,1818,2013,ALEGRE
ANCHIETA,505.1086371158387,521.940354609929,488.27865248226954,520.5900638750887,477.49815471965934,518.504329004329,1410,2013,ANCHIETA
ARACRUZ,505.2070423765844,526.9626885245901,488.95281967213117,523.1895047556576,475.49517874713024,513.0131490222522,3052,2013,ARACRUZ
BAIXO GUANDU,503.1272421972531,522.5754307116105,488.3702621722847,521.7982008995502,473.7914542728636,511.0861538461538,1335,2013,BAIXO GUANDU
BARRA DE SAO FRANCISCO,479.3526788646497,495.1926108374384,463.2396903589022,496.9706835799859,457.43939393939394,486.514598540146,1421,2013,BARRA DE SAO FRANCISCO
BREJETUBA,470.2339309210528,481.2634868421053,455.57960526315793,492.28421052631575,454.04671052631585,469.5945945945946,304,2013,BREJETUBA
CACHOEIRO DE ITAPEMIRIM,508.76500778063945,520.5748228092783,489.2028350515464,522.6798449612403,478.0656492248062,535.0019636720667,6212,2013,CACHOEIRO DE ITAPEMIRIM
CARIACICA,494.97499536779566,506.83848036489036,485.4337301145845,517.6427932461143,466.55148160572514,499.666896710375,8995,2013,CARIACICA
CASTELO,513.6886697388635,530.4276497695853,490.58313364055294,524.1162511542013,488.53425669436746,535.6837209302325,1085,2013,CASTELO
COLATINA,513.458471520763,531.6205684210527,494.3956421052631,526.4854391534392,480.2284867724868,536.5260215053763,4752,2013,COLATINA
CONCEICAO DA BARRA,480.10014641288495,490.2985358711567,468.01947291361637,499.6260614934114,453.95622254758416,491.76651305683566,683,2013,CONCEICAO DA BARRA
DOMINGOS MARTINS,510.5273763816171,544.3983406113537,490.4362445414847,527.1517060367454,483.8683289588801,507.6814159292035,1146,2013,DOMINGOS MARTINS
ECOPORANGA,467.1030297397771,484.1778810408922,456.00483271375464,486.7151401869159,446.6358878504673,465.49003984063745,538,2013,ECOPORANGA
GUACUI,496.4900285947713,511.5449079754601,479.36196319018404,511.46539877300614,475.56920245398777,506.1712846347607,816,2013,GUACUI
GUARAPARI,505.1007596571565,520.0779188712522,491.513721340388,524.1864454641723,478.6707730321214,512.8145454545455,2839,2013,GUARAPARI
IBIRACU,502.24087884494645,528.1733962264151,486.5656603773585,514.5342749529191,473.49887005649714,511.3894324853229,531,2013,IBIRACU
ITAPEMIRIM,476.52215759075915,489.95421836228286,463.6157568238213,493.9325842696629,451.6680399500624,483.9744897959184,808,2013,ITAPEMIRIM
IUNA,500.6071486865598,521.3045906656465,481.17283856159145,519.9897239263804,473.57085889570556,507.59316770186336,1307,2013,IUNA
JAGUARE,496.17530274656673,510.9315196998124,476.4101313320826,513.8000000000001,470.9486891385768,509.4837476099426,534,2013,JAGUARE
JOAO NEIVA,516.8244074844074,551.8598752598753,490.6582120582121,527.3076923076923,490.4594594594595,525.2564102564103,481,2013,JOAO NEIVA
LINHARES,504.8809601100413,523.0456497797356,486.22838656387665,519.4255107675317,474.68155715074545,523.2313559322034,3635,2013,LINHARES
MARATAIZES,498.6188118489589,515.0032289628181,480.7349315068493,514.3346116027532,469.6729596853491,514.2899702085402,1024,2013,MARATAIZES
MIMOSO DO SUL,491.6991841620618,506.0688053097345,473.5424778761062,505.1114917127072,466.1832044198895,510.61617312072894,905,2013,MIMOSO DO SUL
MONTANHA,477.31119203491556,491.77528641571195,464.8032733224222,495.4837704918032,459.6373770491803,476.24584717607974,611,2013,MONTANHA
NOVA VENECIA,500.44622886762403,520.2828626136907,481.0615126854955,514.8906564446575,471.92151413512215,516.7178095707943,2090,2013,NOVA VENECIA
PEDRO CANARIO,465.17576973684174,480.53513157894736,456.0,485.33915343915345,445.13121693121695,460.7810320781032,760,2013,PEDRO CANARIO
PINHEIROS,485.0884097589653,495.08589065255734,473.2795414462081,502.8593639575972,453.8128975265018,502.00716845878134,567,2013,PINHEIROS
SANTA MARIA DE JETIBA,496.4447122838398,513.5460644007155,478.8015205724508,514.5704565801253,471.54888093106536,504.8325791855204,1118,2013,SANTA MARIA DE JETIBA
SANTA TERESA,514.2480327004216,540.1684335443039,494.05150316455695,526.4039714058777,486.93534551231136,525.2314516129032,1264,2013,SANTA TERESA
SAO GABRIEL DA PALHA,498.77474951830413,513.9521487603306,483.5198347107438,512.7847107438016,473.22876033057855,511.43581081081084,1211,2013,SAO GABRIEL DA PALHA
SAO MATEUS,500.6538132814893,519.2430205949656,485.4264073226544,520.6372625314717,472.15033188372627,506.8803838951311,4372,2013,SAO MATEUS
SERRA,499.55285781898255,514.7194397993311,490.3165217391304,522.5446781763325,470.04423399262487,501.43304498269896,11973,2013,SERRA
SOORETAMA,476.93619198312246,484.7386075949367,460.0457805907173,497.1753164556962,455.93691983122363,490.0,474,2013,SOORETAMA
VENDA NOVA DO IMIGRANTE,517.9250313511324,539.4554341226473,496.96593806921675,531.3486338797813,491.1585306618093,531.2279411764706,1648,2013,VENDA NOVA DO IMIGRANTE
VIANA,486.20023743340255,495.66129256428076,477.57727588603194,510.55797909407664,462.5250174216028,486.3537906137184,1439,2013,VIANA
VILA VELHA,525.2664827889406,546.1727823050059,513.0044004656578,545.0524957104975,494.88303696771175,527.6456889605157,12889,2013,VILA VELHA
VITORIA,541.4103572204106,563.8320443189225,523.0524295749149,560.1450225257956,507.9264133120186,552.6056316590564,13815,2013,VITORIA
AFONSO CLAUDIO,494.58016684802266,470.24036996735634,497.6756256800872,535.0323144104797,479.2727074235806,495.21939953810625,919,2014,AFONSO CLAUDIO
AGUA DOCE DO NORTE,474.8501064701066,447.7810810810816,485.68673218673234,529.8140394088673,463.34187192118225,450.343085106383,407,2014,AGUA DOCE DO NORTE
ALEGRE,508.4102465897171,496.72542016806744,508.4054621848735,548.5067191601054,493.4372703412068,498.1731843575419,1906,2014,ALEGRE
ANCHIETA,509.2329029733956,486.39422818791917,511.2689932885909,551.4474108944188,491.44727639542697,508.5268667131891,1491,2014,ANCHIETA
ARACRUZ,510.18419836823097,494.8567543600355,510.678795038393,554.3925487876984,491.9623372781073,501.5932778291705,3391,2014,ARACRUZ
BAIXO GUANDU,503.8549347568218,489.2959372772628,510.4918803418799,546.0220314735334,484.75450643776736,491.9536474164134,1405,2014,BAIXO GUANDU
BARRA DE SAO FRANCISCO,480.0866030610221,456.5886499402626,485.67891278375185,528.4641960549909,468.8482964734011,463.81553398058253,1677,2014,BARRA DE SAO FRANCISCO
BREJETUBA,472.6896978851965,447.20271903323254,477.03172205438074,519.1858006042296,465.9861027190332,456.43564356435644,331,2014,BREJETUBA
CACHOEIRO DE ITAPEMIRIM,508.5231307160932,482.1996928926591,510.40561321444306,550.4498537156228,487.8542873865976,515.0491452991453,6852,2014,CACHOEIRO DE ITAPEMIRIM
CARIACICA,495.04242859021,470.79719284372584,504.9068345679037,546.8864226916593,480.46416311142013,473.9352631578947,10141,2014,CARIACICA
CASTELO,513.9371044546849,491.5944700460831,511.83705069124363,555.1643253234752,500.5136783733835,512.8952380952381,1085,2014,CASTELO
COLATINA,518.1151643053912,495.73832972227757,517.1652422213448,557.809164367361,494.64363421363686,528.3262425853958,5082,2014,COLATINA
CONCEICAO DA BARRA,478.8448234381071,447.85203725261914,485.7151338766007,531.7486013986011,466.4024475524478,464.81296758104736,859,2014,CONCEICAO DA BARRA
DOMINGOS MARTINS,517.2932896131427,511.4900635930041,518.289348171701,554.7605577689237,499.60581673306723,505.8748950461797,1258,2014,DOMINGOS MARTINS
ECOPORANGA,479.8248430365297,459.09399656946835,485.4967465753433,527.6908777969024,474.3251290877797,455.0,584,2014,ECOPORANGA
GUACUI,502.4186731557372,479.3818647540979,508.5902663934425,547.7640657084185,492.8704312114991,485.8697068403909,976,2014,GUACUI
GUARAPARI,509.1962382338668,484.9988064046592,514.5018049490527,555.0260233918127,492.0009654768878,502.4833384286151,3435,2014,GUARAPARI
IBIRACU,506.436589698047,489.047779751332,506.44671403197157,550.294839857651,489.501957295373,500.26565464895634,563,2014,IBIRACU
ITAPEMIRIM,482.79162828282847,457.96650485436896,489.28070388349454,530.6768009768006,470.4761904761905,468.2175622542595,825,2014,ITAPEMIRIM
IUNA,508.1791309523816,491.5774886141834,509.94070221066465,549.5617532467521,491.01694805194745,501.8056512749828,1540,2014,IUNA
JAGUARE,491.8178076062639,466.6518456375837,491.75318791946364,538.1505050505049,478.78063973063985,488.3333333333333,596,2014,JAGUARE
JOAO NEIVA,519.3543403441686,510.6428298279154,513.545124282983,555.3032504780117,500.9592734225616,519.67,523,2014,JOAO NEIVA
LINHARES,504.9895440483732,482.68731532292037,504.27585479105096,549.2842249947138,488.23556166701917,503.85873688908725,4741,2014,LINHARES
MARATAIZES,501.229109219858,480.17566182749783,501.92847399829463,546.415924657534,482.3665239726031,497.39946855624447,1175,2014,MARATAIZES
MIMOSO DO SUL,495.58040431759986,471.3524175824177,498.51997804610363,537.8199119911997,485.49548954895477,488.53216374269005,911,2014,MIMOSO DO SUL
MONTANHA,482.1433609958504,456.1095435684644,488.95435684647276,528.3969529085872,470.40678670360097,469.7709923664122,723,2014,MONTANHA
NOVA VENECIA,504.0061891480729,482.4477929984779,505.566514459665,544.8570773930751,487.2363543788195,503.494060475162,1972,2014,NOVA VENECIA
PEDRO CANARIO,474.2445828065742,455.0127686472819,480.0510745891283,522.1919847328246,467.0215012722645,449.01525658807213,791,2014,PEDRO CANARIO
PINHEIROS,484.3290217929673,454.7183035714286,490.3651785714289,532.8682089552234,474.49313432835834,470.98073836276086,673,2014,PINHEIROS
SANTA MARIA DE JETIBA,501.27993278463566,482.3299504950489,505.50313272877094,545.4467821782191,486.9840759075907,488.6077922077922,1215,2014,SANTA MARIA DE JETIBA
SANTA TERESA,519.2420284834493,497.50947611710285,516.801309707242,556.5679289026284,503.57395672333865,524.1078509119747,1299,2014,SANTA TERESA
SAO GABRIEL DA PALHA,498.00055636540304,476.6070802919712,503.99678832116814,540.4152046783626,480.88355263157933,490.5921356977641,1372,2014,SAO GABRIEL DA PALHA
SAO MATEUS,496.833690108191,476.5324303405578,500.79584219686774,544.5678350116199,483.03503098373386,481.11737089201876,5176,2014,SAO MATEUS
SERRA,503.6039266354776,481.57242917689,512.0256149216016,554.8052670900261,486.3388133313406,485.3473100648083,13467,2014,SERRA
SOORETAMA,472.39607602339146,441.1500878734623,477.44850615114217,522.5479789103692,466.97288732394395,455.9203036053131,570,2014,SOORETAMA
VENDA NOVA DO IMIGRANTE,524.7942637091796,510.9670363524329,519.4514479359221,561.1684796044506,505.8360939431389,529.5552010210594,1623,2014,VENDA NOVA DO IMIGRANTE
VIANA,486.6474371257482,459.4020408163269,498.0869982025162,540.3806722689069,470.8409963985593,466.0632587859425,1670,2014,VIANA
VILA VELHA,526.5164853855488,510.9398138868994,529.8745064377687,571.474342342345,506.3965181660909,515.8773335348802,13993,2014,VILA VELHA
VITORIA,539.5547040943621,528.3013565098846,537.8689497716888,581.1974117325675,517.2256676456527,535.0409847832328,14695,2014,VITORIA
Afonso Cláudio,504.6755442541042,478.3258029978582,493.9533190578155,556.3488172043013,478.4293548387104,518.3460282916213,934,2015,AFONSO CLAUDIO
Alegre,513.1929888888884,488.2120072771371,500.35075803517265,563.0863387978145,487.46381299332114,528.5714285714286,1650,2015,ALEGRE
Anchieta,514.4396766023762,479.2671152720887,506.20806545879515,564.7072514619882,485.93391812865536,537.560975609756,1711,2015,ANCHIETA
Aracruz,519.9288774307595,494.1588616927152,510.1928360849055,566.569037780402,490.64353600944605,539.3943746259724,3394,2015,ARACRUZ
Baixo Guandu,505.5894275911884,474.8585048754062,497.8626218851575,553.564891304347,478.8338043478256,524.6122222222223,923,2015,BAIXO GUANDU
Barra de São Francisco,491.8785571260304,459.6588692579503,483.7143462897539,543.4815994338284,466.41804670913024,507.5792507204611,1415,2015,BARRA DE SAO FRANCISCO
Brejetuba,504.13557239057224,475.26565656565674,491.16127946127983,553.9361486486489,476.0570945945948,525.360824742268,297,2015,BREJETUBA
Cachoeiro de Itapemirim,518.2692122078358,479.63986531986507,506.6663862718713,562.205141604855,486.43252402630196,558.030866302865,5947,2015,CACHOEIRO DE ITAPEMIRIM
Cariacica,503.0953025340725,464.5013415482468,502.45999006457845,554.9408049412249,476.19701105908115,518.6248102802792,10076,2015,CARIACICA
Castelo,523.8832102272727,492.6426136363636,508.5635416666663,565.9953598484848,497.18882575757635,555.5257633587786,1056,2015,CASTELO
Colatina,523.5172808295166,490.75266666666624,512.0598500624753,569.3562786816863,491.4802878598243,555.0574494949495,4806,2015,COLATINA
Conceição da Barra,487.74335028248595,446.32644067796565,482.816271186441,541.481179138322,460.1003401360542,510.18518518518516,885,2015,CONCEICAO DA BARRA
Domingos Martins,524.029357610474,512.4145782145773,511.9474631751228,569.5073190789473,495.7891447368419,532.1548013245033,1222,2015,DOMINGOS MARTINS
Ecoporanga,493.21703412073515,464.9487179487177,486.2816568047335,548.5519762845852,468.4239130434781,499.7995991983968,508,2015,ECOPORANGA
Guarapari,513.280645862228,478.4949999999983,506.79075770191446,560.948463687151,485.58449287510496,536.8387188208617,3605,2015,GUARAPARI
Guaçuí,512.9934630503143,479.5377358490566,506.0567216981137,564.4089728453366,489.441912632821,527.3317307692307,848,2015,GUACUI
Itapemirim,491.9695039018954,450.80791527313244,484.0556298773689,544.7258100558656,469.596983240223,512.0888382687928,897,2015,ITAPEMIRIM
Iúna,513.7189684516397,487.57601246105867,503.22621419676204,563.0865420560752,483.36610591900376,532.1984924623116,1606,2015,IUNA
Jaguaré,493.654346846847,462.5618618618624,479.27372372372423,547.5090497737549,472.5194570135742,507.2340425531915,666,2015,JAGUARE
João Neiva,523.5759074410162,499.38584392014485,509.03321234119767,567.029219600725,496.2319419237755,547.490774907749,551,2015,JOAO NEIVA
Linhares,510.7017712326015,478.86866545528216,499.3652875882941,560.176952650749,483.5915401740538,533.0144003291504,4957,2015,LINHARES
Marataízes,507.01110867018167,474.724780316344,495.5975395430584,553.8460792951545,477.1480176211458,534.9661319073084,1138,2015,MARATAIZES
Mimoso do Sul,507.4474537037038,469.2033333333333,497.2338888888888,555.1655172413782,481.007786429366,535.3292273236282,900,2015,MIMOSO DO SUL
Montanha,497.39032016348773,458.48215258855623,488.0438692098096,549.8737997256515,467.137860082305,525.9002770083102,734,2015,MONTANHA
Nova Venécia,508.46457426679217,476.50658455708185,495.512979630507,556.6291607396868,479.6996206733054,534.9535218016291,2114,2015,NOVA VENECIA
Pedro Canário,482.4940615316516,444.1143426294819,474.6075797872337,539.1653794940075,458.4990666666666,498.17687074829934,753,2015,PEDRO CANARIO
Pinheiros,494.2575163893094,453.43509833585455,489.60060514372225,546.2221212121219,465.7981790591802,517.9754601226994,661,2015,PINHEIROS
Santa Maria de Jetibá,514.6868247248095,491.2435224386117,504.23827265029615,564.0130508474581,486.6806779661011,528.0308219178082,1181,2015,SANTA MARIA DE JETIBA
Santa Teresa,525.5616287600882,499.3556126192219,510.7632428466612,569.820704845815,497.27599118942794,551.1504424778761,1363,2015,SANTA TERESA
Serra,507.5008997615082,470.799891485207,506.40740472919293,559.3322634521843,480.31588350642664,522.2038047485621,13837,2015,SERRA
Sooretama,492.3423737373737,452.73636363636336,479.3666666666665,546.805376344086,464.04050179211487,521.7153284671533,561,2015,SOORETAMA
São Gabriel da Palha,503.6867606295512,469.33363957597106,495.5057203389827,556.7801840056618,476.42144373672994,522.1036195883605,1419,2015,SAO GABRIEL DA PALHA
São Mateus,502.0685622693458,468.31359624413136,494.6353415915921,552.4259823275056,476.36071831515665,520.1238786027868,5329,2015,SAO MATEUS
Venda Nova do Imigrante,531.8487710765237,506.15814406229725,515.2509727626453,576.5893437296944,502.05962288686703,560.7395287958116,1542,2015,VENDA NOVA DO IMIGRANTE
Viana,492.48783323603806,449.5858143607711,492.25977816695826,546.9870175438598,468.66467836257345,505.79573712255774,1713,2015,VIANA
Vila Velha,529.6478548365416,501.0900808080772,524.9364101528344,575.6529292519805,500.01928769345204,547.7022127248914,14866,2015,VILA VELHA
Vitória,543.5233821900835,519.3639245873832,534.9998435360827,585.7721677773402,511.8014178373115,566.9205975371779,15351,2015,VITORIA
Água Doce do Norte,485.2998170731711,447.8601466992665,478.6068459657702,543.3846341463412,459.89829268292664,497.76119402985074,410,2015,AGUA DOCE DO NORTE
Afonso Cláudio,512.900681481482,492.96440489432734,516.3131256952166,533.4983277591979,481.8157190635451,541.8181818181819,900,2016,AFONSO CLAUDIO
Alegre,520.2649004975127,505.943336886993,519.9205756929637,537.8333511491177,494.2781934794224,545.8907103825137,1876,2016,ALEGRE
Anchieta,517.6044077510912,496.3555191256822,520.1040961223375,539.9824368825464,487.09001097694886,546.9827008928571,1832,2016,ANCHIETA
Aracruz,522.4334669906846,510.4751292186075,524.9754562043789,543.5885948905109,491.2678527980525,543.1919379844961,3292,2016,ARACRUZ
Baixo Guandu,516.6897806478061,504.75768757687587,520.0451414514148,532.2322580645169,486.05297766749396,542.2132998745295,813,2016,BAIXO GUANDU
Barra de São Francisco,499.3695646606915,482.1670723894943,511.01600512163947,520.057877813504,466.91048231511206,518.2842174197773,1562,2016,BARRA DE SAO FRANCISCO
Brejetuba,497.8405753424661,478.2630136986303,502.73561643835586,519.4679452054794,468.2335164835165,521.6155988857938,365,2016,BREJETUBA
Cachoeiro de Itapemirim,523.6344559285598,501.0183548493902,525.5376344086026,541.6131242741019,487.9542724406842,564.3669538773441,6047,2016,CACHOEIRO DE ITAPEMIRIM
Cariacica,508.4517629004378,488.08561966017214,516.5132725527842,536.7182466968824,475.5092022764522,527.4501721593704,10426,2016,CARIACICA
Castelo,525.1261974977666,510.58820375335233,523.2650580875778,542.1608579088462,495.3635388739952,555.6197822141561,1119,2016,CASTELO
Colatina,529.7628111814338,509.5279746835428,530.6338818565406,546.6052398056189,494.6851045848313,569.1244635193133,4740,2016,COLATINA
Conceição da Barra,490.86644469957906,471.57195402298873,500.5098964326812,516.6973441108548,465.9882217090068,501.0887573964497,871,2016,CONCEICAO DA BARRA
Domingos Martins,529.8179664743067,527.6215169002476,530.6297609233307,544.0549586776854,497.48595041322267,551.429292929293,1213,2016,DOMINGOS MARTINS
Ecoporanga,495.6694661921714,480.05266903914605,505.8281138790038,514.8841637010678,469.3110320284699,511.47279549718576,562,2016,ECOPORANGA
Guarapari,518.7928161076264,502.0147854605087,523.976173580786,540.1728841413297,488.1202410298555,542.0601903695409,3667,2016,GUARAPARI
Guaçuí,514.2223233936813,494.19339723109726,518.1233226837064,534.1538461538464,489.7995726495723,536.7919389978214,939,2016,GUACUI
Itapemirim,497.60799470899485,476.1098831030821,505.1420828905415,522.6342553191488,469.76691489361673,516.3736263736264,945,2016,ITAPEMIRIM
Iúna,521.4239848581782,510.8698016634676,521.5912348048621,539.7902688860433,490.6024967989757,545.765625,1563,2016,IUNA
Jaguaré,500.78273716951804,484.83265940902015,504.37013996889664,521.4960937500002,477.8931250000002,517.3076923076923,643,2016,JAGUARE
João Neiva,522.8436677631576,509.25805921052665,524.86875,543.2069192751233,493.8978583196046,545.0337837837837,608,2016,JOAO NEIVA
Linhares,516.28407432132,501.53646429935117,519.0670482732305,537.462810707457,485.5226620768775,539.7921798631476,5243,2016,LINHARES
Marataízes,515.1775585045663,499.62183219178087,515.503681506849,535.8272103004288,480.0806008583684,546.425327510917,1168,2016,MARATAIZES
Mimoso do Sul,507.4916904761914,489.8383333333339,508.49500000000006,525.3745238095239,479.5576190476191,536.2746051032807,840,2016,MIMOSO DO SUL
Montanha,502.0526826632078,480.82892347600483,509.6870298313882,519.4919480519479,471.0536363636367,531.0254691689008,771,2016,MONTANHA
Nova Venécia,513.2350338000966,498.221004345727,519.7260260743601,530.9269510421703,482.4822987390883,536.3798525798526,2071,2016,NOVA VENECIA
Pedro Canário,490.44149243466285,468.6566712517196,500.5511691884453,513.750138121547,462.77500000000015,507.7574047954866,727,2016,PEDRO CANARIO
Pinheiros,495.12075364298715,467.3991803278692,504.664754098361,518.5104395604394,464.85920329670364,521.9777158774373,732,2016,PINHEIROS
Santa Maria de Jetibá,518.742189406544,502.6431307243957,524.5815986677771,537.1619999999996,488.6498333333333,541.9240506329114,1202,2016,SANTA MARIA DE JETIBA
Santa Teresa,528.4369531250003,510.3354655294946,525.6592750533051,545.2982930298714,498.32434163701146,563.8500360490267,1408,2016,SANTA TERESA
Serra,514.3384827851097,495.46933668833367,518.9996925656814,543.2777208976164,479.8447857493513,535.7885563254519,14319,2016,SERRA
Sooretama,490.31636150234755,458.64955908289187,500.1117957746475,514.9440140845065,459.2695422535212,521.3138686131387,568,2016,SOORETAMA
São Gabriel da Palha,510.65338368951063,495.6053058216648,515.4566691230657,529.6116296296296,476.9260192735358,536.9827586206897,1357,2016,SAO GABRIEL DA PALHA
São Mateus,509.4297625241814,496.13712454945914,513.2943755003998,533.8282730923678,478.8387349397585,526.8719262295082,4997,2016,SAO MATEUS
Venda Nova do Imigrante,536.1350409659335,523.9201811125495,530.3401681759386,549.6727802981212,505.54633830200754,572.967826657912,1546,2016,VENDA NOVA DO IMIGRANTE
Viana,495.90889949109425,472.94219432314446,507.8028384279466,524.9333698030632,465.47997811816265,511.18820861678006,1834,2016,VIANA
Vila Velha,537.9705879232722,524.8800390117045,540.121241468965,560.2203880324006,503.5454527636223,563.5072184152751,15396,2016,VILA VELHA
Vitória,549.8108003806988,538.1889783129582,546.5103187764896,570.5533978786359,514.6892513566835,581.4954474097332,16286,2016,VITORIA
Água Doce do Norte,491.91653673835106,474.7236559139781,508.927688172043,515.9814016172506,461.2177897574122,502.20338983050846,372,2016,AGUA DOCE DO NORTE
Afonso Cláudio,530.5108697916667,533.7294975688814,508.43890625000023,528.1309375000003,518.6868932038836,568.8996763754045,640,2017,AFONSO CLAUDIO
Alegre,527.6476516040688,524.7745487364626,508.42477980035295,527.9918966529657,522.6832129963907,560.1595092024539,1704,2017,ALEGRE
Anchieta,528.1449941927988,526.0890173410395,514.3454291695747,526.7989532449409,517.4513728323702,563.22206095791,1435,2017,ANCHIETA
Aracruz,535.3191196261691,536.2272267600159,516.9749906542061,534.052991772626,523.3285492026449,572.1056782334385,2675,2017,ARACRUZ
Baixo Guandu,522.4744827586205,528.0306646525681,505.43620689655194,519.3751079136687,516.6509063444104,552.8813559322034,696,2017,BAIXO GUANDU
Barra de São Francisco,510.07086695279025,507.5568609865469,494.9855793991408,507.2505579399141,499.8406278026904,548.2971014492754,1165,2017,BARRA DE SAO FRANCISCO
Brejetuba,516.7453931924883,518.9981343283584,497.8749999999997,516.0605633802819,509.91641791044776,549.8518518518518,284,2017,BREJETUBA
Cachoeiro de Itapemirim,533.3054848600989,530.6243205713163,514.7078765810655,527.6458381281168,520.2221935739788,579.4704112337012,5218,2017,CACHOEIRO DE ITAPEMIRIM
Cariacica,517.7726144564074,516.5315717141445,509.28817891373683,519.5024162027722,508.28739380309804,542.8470469459869,8453,2017,CARIACICA
Castelo,537.0168994223577,539.7975789473685,513.2054026503565,532.2291836734695,527.6174736842111,578.5247629083245,981,2017,CASTELO
Colatina,538.7195569837186,537.4118849152995,516.5316709511558,534.9920545127292,526.2719548265652,586.31918323482,3890,2017,COLATINA
Conceição da Barra,500.2074550484091,500.0957910014514,488.4295988934997,498.3572022160663,491.7458635703921,529.4047619047619,723,2017,CONCEICAO DA BARRA
Domingos Martins,547.5356498388828,562.7898776418245,524.5871106337277,547.728249194414,536.7565072302559,569.7900552486187,931,2017,DOMINGOS MARTINS
Ecoporanga,499.65564545454606,496.62410546139387,487.1469945355197,499.75291970802897,496.1623352165721,526.8897637795276,550,2017,ECOPORANGA
Guarapari,532.6033046080206,532.4370841121485,517.627426312006,528.9473381294979,522.895626168224,569.4629349470499,2785,2017,GUARAPARI
Guaçuí,523.3815716180376,521.114814814815,508.4059681697614,527.7259946949606,518.1825788751723,547.0165745856353,754,2017,GUACUI
Itapemirim,506.7110485232066,503.67146666666656,496.4168354430377,505.65721518987334,501.2101333333333,535.0828729281768,790,2017,ITAPEMIRIM
Iúna,532.4422762050509,537.0059194948695,510.75141545524093,532.3208875286922,524.4702446724546,563.5537848605578,1307,2017,IUNA
Jaguaré,516.3930322780889,515.6960159362544,497.0826815642453,514.7880819366848,515.2069721115533,547.3046875,537,2017,JAGUARE
João Neiva,532.610054545454,536.4365019011408,513.308181818182,532.2783636363636,525.431939163498,565.9574468085107,550,2017,JOAO NEIVA
Linhares,528.4311740207128,527.300947193938,510.87660963530084,522.1513732552908,516.2530428605256,573.9412747672476,4442,2017,LINHARES
Marataízes,520.2925638297872,521.8064017660039,506.6741489361698,512.7864605543704,507.66986754966905,558.3783783783783,940,2017,MARATAIZES
Mimoso do Sul,516.41485915493,514.7462251655622,498.143533930858,512.6672215108832,511.407284768212,550.5006765899865,781,2017,MIMOSO DO SUL
Montanha,509.7186737588654,508.0529585798813,495.26978723404284,510.1461647727281,502.95769230769304,540.9331259720062,705,2017,MONTANHA
Nova Venécia,521.521354284635,524.8568019093075,504.5215741789349,522.0992063492065,514.6638424821003,548.1190476190476,1766,2017,NOVA VENECIA
Pedro Canário,494.6285923753669,488.5073552425671,485.984164222874,489.7972140762461,488.03489827856004,529.6485623003194,682,2017,PEDRO CANARIO
Pinheiros,504.06568611987393,497.0440397351003,492.8769716088332,500.2791798107254,490.7559602649001,546.9759450171821,634,2017,PINHEIROS
Santa Maria de Jetibá,531.1322205687826,533.08774662513,511.778373015873,531.6749751737833,521.8036344755973,563.2515337423313,1008,2017,SANTA MARIA DE JETIBA
Santa Teresa,547.7689382829208,551.1910900473931,517.5537121906507,542.6413382218147,537.0820853080556,596.7884615384615,1091,2017,SANTA TERESA
Serra,522.7175698778482,521.8614277246164,513.994214611503,523.640493155073,511.2369602032187,549.2706919945726,12498,2017,SERRA
Sooretama,508.87213268608383,492.4879032258064,493.2729571984435,505.2692607003888,496.3276209677422,563.3196721311475,515,2017,SOORETAMA
São Gabriel da Palha,522.6841976840361,521.850948275863,501.4706368899922,522.6209263854424,514.235948275862,559.9826238053867,1209,2017,SAO GABRIEL DA PALHA
São Mateus,519.2128390232341,519.5286176836867,506.7388809862491,520.1077561669844,509.95816733067664,546.12748803225,4218,2017,SAO MATEUS
Venda Nova do Imigrante,545.1254506545836,546.5329402515715,519.9725830815705,542.7947885196373,531.6607704402519,591.7859952793076,1324,2017,VENDA NOVA DO IMIGRANTE
Viana,505.8237719932515,501.4757066462948,499.7671728127253,509.9975415762835,499.770076335878,524.3276661514683,1383,2017,VIANA
Vila Velha,548.6128790961366,553.0858551221608,531.6948058291949,546.8863077299026,535.1998971546117,583.7906719904851,12288,2017,VILA VELHA
Vitória,560.3132451505564,567.6538290020012,538.6876312119234,556.5372301365821,544.4457872078731,603.4771261897451,13627,2017,VITORIA
Água Doce do Norte,501.155066872428,501.2361022364218,491.9725308641972,506.39290123456766,497.6750798722046,514.8837209302326,324,2017,AGUA DOCE DO NORTE
Afonso Cláudio,522.0847375541125,533.5941176470594,514.7097560975608,565.6593495934961,489.5934453781512,509.3532338308458,616,2018,AFONSO CLAUDIO
Alegre,533.5774827160488,541.2639969488943,522.4405044510387,575.0754268745359,499.2878718535475,532.2857142857143,1350,2018,ALEGRE
Anchieta,534.7447392110143,542.474092409241,528.5895949166003,579.1470214455912,497.0257425742578,527.9740680713128,1259,2018,ANCHIETA
Aracruz,537.3090186722005,550.2431978798592,530.2975518672199,578.2065145228229,499.97040636042414,530.8629441624365,2410,2018,ARACRUZ
Baixo Guandu,526.4060623781673,543.355785123967,520.3356725146199,564.1565302144247,497.2493801652892,513.4669338677355,513,2018,BAIXO GUANDU
Barra de São Francisco,508.5831361844099,519.8844930417487,507.7420382165604,551.0911737943578,480.0082504970172,490.1119402985075,1099,2018,BARRA DE SAO FRANCISCO
Brejetuba,520.4803174603175,535.4388235294116,511.8089947089946,561.8730158730157,491.2382352941177,510.74468085106383,189,2018,BREJETUBA
Cachoeiro de Itapemirim,540.288033442385,548.9455892409396,530.1495636998253,575.2162374508932,500.01114656940905,550.0799289520427,4585,2018,CACHOEIRO DE ITAPEMIRIM
Cariacica,525.4362956803265,534.115873239437,526.1757551563531,570.68989751098,490.7107731305456,508.210727446431,7516,2018,CARIACICA
Castelo,544.7855534979423,556.7028277634965,531.6008641975312,578.4585185185184,511.28766066838136,548.279301745636,810,2018,CASTELO
Colatina,546.5314839456179,556.6557657107985,534.4419728087936,581.8358981776108,505.73282489322685,557.3977038563438,3457,2018,COLATINA
Conceição da Barra,504.28854718262016,503.76225165562937,508.1527494908347,553.8655804480652,474.36843267108156,481.9166666666667,491,2018,CONCEICAO DA BARRA
Domingos Martins,550.9965956072352,575.3857530529162,540.1379844961245,590.1302325581393,512.8989145183174,540.0786369593709,774,2018,DOMINGOS MARTINS
Ecoporanga,498.4245372549022,516.574129353234,500.706352941177,545.5788235294118,470.9875621890547,461.5533980582524,425,2018,ECOPORANGA
Guarapari,541.8514341241123,550.8452717158763,535.8275432247685,581.7392267418442,503.1766367137359,541.0534912209065,2487,2018,GUARAPARI
Guaçuí,527.6869456574478,533.9215361445786,523.0965065502185,570.332168850073,499.278313253012,514.2857142857143,687,2018,GUACUI
Itapemirim,519.0940472481825,527.6996721311482,513.3302180685351,560.7088785046733,485.5647540983605,510.59581320450883,642,2018,ITAPEMIRIM
Iúna,529.8296265001217,544.5377983063898,523.3966201322557,574.3091109478323,503.1888375673611,507.9045488441462,1361,2018,IUNA
Jaguaré,514.0495648795653,531.2050761421319,510.48901869158885,555.9637850467292,488.5078680203048,489.4339622641509,429,2018,JAGUARE
João Neiva,545.2367397078358,557.570286885246,530.0049800796817,583.857171314741,508.31475409836065,549.1463414634146,502,2018,JOAO NEIVA
Linhares,531.1154216631396,542.9489801057655,524.6542097836309,570.084769303202,494.4572759315211,528.4404990403071,4253,2018,LINHARES
Marataízes,524.8828897028895,541.5573979591834,517.6705738705746,566.8190709046454,487.6025510204083,513.8,819,2018,MARATAIZES
Mimoso do Sul,518.4787189054722,526.3260736196323,512.3397014925371,560.0204477611937,492.30352760736184,504.46153846153845,670,2018,MIMOSO DO SUL
Montanha,517.6626227614099,531.4248608534322,511.5211438474871,557.5199652777777,483.85825602968504,509.43060498220643,577,2018,MONTANHA
Nova Venécia,522.7210890283588,538.4608088235291,519.428242677825,566.0396792189682,491.25955882352923,502.9613733905579,1434,2018,NOVA VENECIA
Pedro Canário,497.37229629629627,508.5776470588231,498.2611111111115,545.22537037037,467.64372549019606,467.82608695652175,540,2018,PEDRO CANARIO
Pinheiros,506.75216666666654,521.3093418259025,507.6519607843137,551.3762745098038,475.05774946921457,485.4878048780488,510,2018,PINHEIROS
Santa Maria de Jetibá,538.3745767494355,550.4841607565011,530.4579006772009,582.672316384181,502.78061465721015,528.5354691075515,886,2018,SANTA MARIA DE JETIBA
Santa Teresa,548.9568603839443,557.1800657174145,533.2325995807134,586.0757861635226,514.0455640744798,556.3559322033898,955,2018,SANTA TERESA
Serra,527.3763044115923,535.7153961136049,528.2810353935563,572.6227909435306,492.09604894451587,511.09425785482125,11364,2018,SERRA
Sooretama,505.25505882352974,509.3918575063613,499.43717647058895,550.0908235294121,466.55903307888065,503.7019230769231,425,2018,SOORETAMA
São Gabriel da Palha,520.4801199294526,531.6666666666663,517.3829629629626,566.2315343915338,486.86722408026714,504.3243243243243,945,2018,SAO GABRIEL DA PALHA
São Mateus,525.4172542422453,537.342098765433,521.6658179689781,570.2475841874076,493.1444753086411,507.77047220561866,3418,2018,SAO MATEUS
Venda Nova do Imigrante,544.8439002732243,560.4738054607518,532.1252666119766,582.3036154478239,505.1309726962459,548.2861896838602,1220,2018,VENDA NOVA DO IMIGRANTE
Viana,513.2247092013897,520.7460332103325,513.5263020833333,562.2892361111103,483.2602398523987,488.6151079136691,1152,2018,VIANA
Vila Velha,557.699680084485,569.0630782830756,548.8384622553559,594.8482842223074,517.4844499017692,562.407126611069,10732,2018,VILA VELHA
Vitória,569.5953713195083,582.2393957296001,556.600112134561,602.3424495030488,525.7122953586463,585.3700684708184,12487,2018,VITORIA
Água Doce do Norte,497.78076358296624,517.1458333333334,497.7814977973567,547.0942477876106,473.55879629629624,459.0783410138249,227,2018,AGUA DOCE DO NORTE
Afonso Cláudio,528.2182686654908,534.6625678119347,518.0141592920359,509.65327433628306,476.85587703435834,604.0215439856373,567,2019,AFONSO CLAUDIO
Alegre,529.8861477607948,529.1356244761103,521.2196299275944,515.1828640386173,487.8647946353732,598.2594417077175,1243,2019,ALEGRE
Anchieta,535.9107653985508,540.185916824196,526.9074275362315,517.773731884058,485.9434782608701,612.6014760147601,1104,2019,ANCHIETA
Aracruz,530.9170470588244,538.0031500000006,523.2983529411769,514.51694117647,485.529385307346,597.9903846153846,2125,2019,ARACRUZ
Baixo Guandu,525.780249576988,533.5848648648648,516.889593908629,507.61269035533013,482.15675675675675,595.978835978836,394,2019,BAIXO GUANDU
Barra de São Francisco,511.97194665153285,520.1925146198836,511.99647727272736,496.48170454545465,466.77298245614065,568.6046511627907,881,2019,BARRA DE SAO FRANCISCO
Brejetuba,511.26430485762114,519.9687830687828,507.90703517587946,496.21256281407017,474.0873015873018,565.3886010362694,199,2019,BREJETUBA
Cachoeiro de Itapemirim,539.3661104465685,542.808033932136,525.7115099306056,512.7476657888446,488.96237524950124,630.111976630964,4180,2019,CACHOEIRO DE ITAPEMIRIM
Cariacica,520.0965794984148,519.9820377005767,522.7567733450257,509.4162719298238,475.21171339563745,577.171595856478,6845,2019,CARIACICA
Castelo,539.3616145833331,550.6072580645164,523.9148437500003,512.8139322916666,493.65672043010716,619.7082228116711,768,2019,CASTELO
Colatina,542.9992568609315,551.1005838469018,529.8586802343506,522.2936786925684,492.0811871553669,624.2211055276382,3243,2019,COLATINA
Conceição da Barra,493.20890243902426,491.6584415584414,500.8546747967476,481.1243902439022,455.1523809523812,541.0901467505241,492,2019,CONCEICAO DA BARRA
Domingos Martins,548.9647392923654,571.9230882352945,531.5856145251396,534.1928770949714,499.8341176470586,612.822695035461,716,2019,DOMINGOS MARTINS
Ecoporanga,502.7165864527629,513.5441340782124,502.180213903743,489.5414438502674,464.20027932960903,550.9243697478992,374,2019,ECOPORANGA
Guarapari,534.1550798885958,537.5368712505765,528.4920809502876,516.7419823788554,485.2349330872178,605.8393501805054,2274,2019,GUARAPARI
Guaçuí,525.2020094386485,529.576923076923,520.6108792846504,512.9968703427719,483.8816923076921,583.2407407407408,671,2019,GUACUI
Itapemirim,512.194104882459,518.5788053949904,511.12115732368926,493.7314647377943,471.4071290944124,571.7712177121771,553,2019,ITAPEMIRIM
Iúna,534.976800056164,546.0891132572428,523.175063184498,518.5793597304124,493.7055311676908,598.0479452054794,1187,2019,IUNA
Jaguaré,511.6706675062976,510.75186170212817,506.42191435768245,490.9070528967253,467.53005319148957,588.2170542635658,397,2019,JAGUARE
João Neiva,549.4984540498444,558.0961352657004,532.5572429906542,527.8918224299069,496.4632850241549,639.0453460620525,428,2019,JOAO NEIVA
Linhares,531.8802448677798,535.8692498621067,522.1993736951982,510.975646045419,483.4459459459452,611.4171762829035,3832,2019,LINHARES
Marataízes,525.3090770609326,537.186894586894,521.6290322580654,504.9586810228797,475.69558404558455,591.1570247933885,744,2019,MARATAIZES
Mimoso do Sul,521.8195897435902,524.2241134751777,512.1805128205126,501.4781196581197,475.9625886524824,598.5639229422067,585,2019,MIMOSO DO SUL
Montanha,519.9284525837593,513.8705989110709,511.13713798977864,497.1066439523005,474.1395644283127,607.0260869565218,587,2019,MONTANHA
Nova Venécia,524.4149501915714,533.622807017544,517.1537164750948,505.2718007662832,481.40079744816575,588.5400313971743,1305,2019,NOVA VENECIA
Pedro Canário,495.8614534883719,494.9961065573769,501.39689922480596,484.15251937984505,455.0297131147538,547.9435483870968,516,2019,PEDRO CANARIO
Pinheiros,507.34442227763924,508.73492063492046,507.07425,490.28500000000014,460.11455026455036,575.0387596899225,401,2019,PINHEIROS
Santa Maria de Jetibá,532.6150087260039,535.8777166437419,525.1512450851899,517.2908256880737,484.2306740027512,603.083109919571,764,2019,SANTA MARIA DE JETIBA
Santa Teresa,554.8172543859647,562.1147896879243,531.1444736842105,530.8153947368422,503.9559023066488,648.8681757656458,760,2019,SANTA TERESA
Serra,523.0800702063723,525.8649916770695,523.482647462274,510.6021558059763,478.4979610943488,581.474255832663,10208,2019,SERRA
Sooretama,501.02001278772383,494.07668539325806,499.3723785166242,478.92455242966753,455.2176966292133,581.4814814814815,391,2019,SOORETAMA
São Gabriel da Palha,522.3212479871169,524.8077117572694,515.1793478260868,506.0696859903383,477.1579013906443,589.8404907975461,828,2019,SAO GABRIEL DA PALHA
São Mateus,521.1537074614239,525.656404269513,517.3988268864944,506.80126863304855,478.829109703235,581.8110749185668,3154,2019,SAO MATEUS
Venda Nova do Imigrante,547.9382270114947,562.1567956795684,529.1345689655168,529.571637931034,500.2758775877595,621.937172774869,1160,2019,VENDA NOVA DO IMIGRANTE
Viana,507.18257448789547,504.69418837675374,515.0939478584722,498.6045666356011,464.2949899799594,558.2290664100096,1074,2019,VIANA
Vila Velha,553.9269802079156,562.8654980581514,541.6768269519114,535.9328067193275,504.4594248530652,630.236559139785,10004,2019,VILA VELHA
Vitória,565.4084818573178,575.5665605095545,547.7548985239839,545.9608936484475,514.1909871658765,648.8578704140338,10840,2019,VITORIA
Água Doce do Norte,496.3713391557494,501.74266055045877,504.05350877193,485.9144736842104,452.8045871559631,542.6363636363636,229,2019,AGUA DOCE DO NORTE
Afonso Cláudio,523.4450800915333,519.123752969121,514.337299771167,514.9155606407323,490.9767220902609,582.7358490566038,437,2020,AFONSO CLAUDIO
Alegre,534.9019235588972,531.6733160621756,525.5104140526968,521.1387421383646,503.7194300518137,598.5309278350516,798,2020,ALEGRE
Anchieta,538.5940304268843,535.0808479532158,534.478746594006,521.1971389645765,501.0280701754384,605.5401662049861,734,2020,ANCHIETA
Aracruz,537.4513972260111,536.2759192501798,528.8398362892223,522.8732605729875,500.4232876712331,602.0723226703756,1466,2020,ARACRUZ
Baixo Guandu,539.6198648648646,546.027142857143,523.794576271186,523.0623728813562,504.93607142857167,610.3780068728522,296,2020,BAIXO GUANDU
Barra de São Francisco,518.0633870967741,512.1901408450701,512.6912713472485,508.52314990512326,484.473440643863,574.1650671785029,527,2020,BARRA DE SAO FRANCISCO
Brejetuba,522.2617101449273,527.3485981308411,522.3565217391305,509.83043478260873,492.48224299065413,559.2982456140351,115,2020,BREJETUBA
Cachoeiro de Itapemirim,541.1497382230172,540.1851993865025,527.7809302325577,517.0122719141318,502.7855172413785,622.4102564102565,2795,2020,CACHOEIRO DE ITAPEMIRIM
Cariacica,523.7331167324195,519.9512820512817,525.1536908077981,512.7232234091974,492.9981329350261,572.2264329701563,4309,2020,CARIACICA
Castelo,546.8642246376811,550.9486301369858,532.5723913043478,529.2899782135075,508.9013698630139,615.2087912087912,460,2020,CASTELO
Colatina,544.9483333333334,548.0537971582562,531.0270958777201,528.8948563484706,508.87550220480114,613.1920903954802,2159,2020,COLATINA
Conceição da Barra,501.2735062240667,487.3418103448276,507.09087136929463,492.0337499999998,473.46077586206883,547.5949367088608,241,2020,CONCEICAO DA BARRA
Domingos Martins,541.6726572958502,551.8172631578952,529.5142570281124,529.762374245473,499.7635789473684,600.7739307535642,498,2020,DOMINGOS MARTINS
Ecoporanga,498.7340199750311,495.84920634920604,497.0202247191014,493.043233082707,468.83968253968254,539.6812749003984,267,2020,ECOPORANGA
Guarapari,540.250363036303,539.4406424581,534.6375413086593,524.0358652575956,503.0549581005586,606.1600537995965,1515,2020,GUARAPARI
Guaçuí,523.6471370143149,513.5655246252684,521.5451942740282,511.58813905930447,497.2209850107067,578.2952182952183,489,2020,GUACUI
Itapemirim,513.0016291079814,511.2868098159513,514.3281690140848,502.0521126760563,480.7475460122697,559.072463768116,355,2020,ITAPEMIRIM
Iúna,537.5706034482762,539.1584196891197,526.79224137931,523.8791358024692,504.10220207253843,597.6029962546817,812,2020,IUNA
Jaguaré,516.5172980910423,516.5009615384618,504.1026431718061,505.95242290748894,492.9466346153849,569.3805309734513,227,2020,JAGUARE
João Neiva,560.6900671140942,571.9812056737594,538.0406040268455,540.7550335570471,524.055673758865,636.1245674740485,298,2020,JOAO NEIVA
Linhares,531.8715305431407,530.4781209221395,525.4117025599353,516.2203824247341,497.2317094388865,594.6869851729818,2461,2020,LINHARES
Marataízes,518.5240157232703,521.0779797979798,523.8473584905659,501.9075471698112,483.66040404040365,569.3023255813954,530,2020,MARATAIZES
Mimoso do Sul,523.2263655913976,522.990847457627,515.8593548387095,510.0941558441559,490.0027118644068,582.3684210526316,310,2020,MIMOSO DO SUL
Montanha,525.2726775956284,523.499408284024,517.099726775956,510.0579234972675,492.3505917159762,587.6584022038568,366,2020,MONTANHA
Nova Venécia,541.9848954161105,545.129452054795,528.2733957219247,525.7291443850257,503.64821917808183,610.3825136612022,749,2020,NOVA VENECIA
Pedro Canário,492.22583052749695,488.08021978021964,494.6700336700338,484.254054054054,464.1146520146523,536.8493150684932,297,2020,PEDRO CANARIO
Pinheiros,517.1181460674156,509.81632653061274,513.2134831460672,502.95880149812723,481.97795918367365,582.4710424710424,267,2020,PINHEIROS
Santa Maria de Jetibá,534.6802679738563,541.9150313152397,526.8823529411767,526.0476470588237,503.9887265135703,581.6733067729084,510,2020,SANTA MARIA DE JETIBA
Santa Teresa,554.9273539518899,552.5349892008637,535.3812371134024,544.716907216495,520.2017278617712,624.8421052631579,485,2020,SANTA TERESA
Serra,527.9162676284633,524.7408751519359,529.6364845143522,517.0509329871796,496.3642881944455,577.0122557138125,6169,2020,SERRA
Sooretama,498.3045132743363,478.1094999999999,502.7561946902654,478.6203539823008,467.04975124378115,567.7625570776256,226,2020,SOORETAMA
São Gabriel da Palha,527.2943953934746,523.5898203592817,519.2343570057578,517.8262955854128,491.48143712574876,587.6078431372549,521,2020,SAO GABRIEL DA PALHA
São Mateus,518.1440563856285,516.3317974971562,516.2222518676623,504.1242262540025,490.39869243888614,569.8905908096281,1874,2020,SAO MATEUS
Venda Nova do Imigrante,553.5118315266487,562.9396253602304,536.4669376693766,540.8093495934957,517.0237752161387,616.6068965517242,738,2020,VENDA NOVA DO IMIGRANTE
Viana,509.86481390257273,508.9256272401433,515.7073891625613,500.8865353037769,482.70913978494644,546.3772954924875,609,2020,VIANA
Vila Velha,556.6037293058395,559.5345905172393,547.4311446833227,542.1949127906975,519.1678005233207,621.091664194601,6886,2020,VILA VELHA
Vitória,570.5503277507634,574.7941520467828,553.5492569575777,553.2762033531637,528.5584569309758,648.0252851449774,7404,2020,VITORIA
Água Doce do Norte,513.5053687315634,506.26759259259245,502.2522123893804,499.27522123893806,477.9870370370371,582.5,113,2020,AGUA DOCE DO NORTE
Afonso Cláudio,538.802737799835,537.8167958656331,499.1196029776675,521.9590570719603,491.0020671834628,647.6962025316456,403,2021,AFONSO CLAUDIO
Alegre,533.7622825091579,534.5867332382307,498.17541208791283,513.6998626373623,500.9500713266761,627.9603399433428,728,2021,ALEGRE
Anchieta,543.7820660419458,542.5229137199435,509.6066934404288,526.1613119143246,500.6257425742575,642.8337874659401,747,2021,ANCHIETA
Aracruz,549.979187206574,556.6005703422054,510.6236795774641,530.261971830985,506.1173954372618,654.0163191296464,1136,2021,ARACRUZ
Baixo Guandu,540.4750398009949,547.4460063897767,503.73373134328364,525.2534328358205,497.95974440894565,635.5015197568389,335,2021,BAIXO GUANDU
Barra de São Francisco,518.8137752525253,521.1839920948619,487.08617424242414,503.0560606060608,477.9709486166011,611.3060428849902,528,2021,BARRA DE SAO FRANCISCO
Brejetuba,519.323539823009,515.4962616822428,487.61504424778735,505.5566371681418,481.0757009345794,610.7964601769911,113,2021,BREJETUBA
Cachoeiro de Itapemirim,549.5057030958593,551.3785266457678,507.04252144722153,524.3360074626856,501.2092084639496,670.3757668711656,2681,2021,CACHOEIRO DE ITAPEMIRIM
Cariacica,531.4270555866449,530.0872813519121,502.56723559037545,521.072635702295,489.3124481327805,619.8899826288362,3574,2021,CARIACICA
Castelo,550.7710700538883,551.0445255474453,510.9106235565818,528.1789838337187,504.9642335766426,660.3286384976526,433,2021,CASTELO
Colatina,545.4743515243387,547.5986133333336,507.8671551288528,526.8802930773123,500.2190933333334,650.8695652173913,1979,2021,COLATINA
Conceição da Barra,497.4246789617487,497.8736842105263,473.8459016393444,484.79426229508215,468.582894736842,578.237885462555,244,2021,CONCEICAO DA BARRA
Domingos Martins,545.4529202279207,547.9998214285711,502.63487179487146,525.9382905982906,503.132321428572,652.0490367775832,585,2021,DOMINGOS MARTINS
Ecoporanga,517.7503306342785,517.2883116883118,485.6999999999999,506.5437246963564,476.00995670995684,609.9166666666666,247,2021,ECOPORANGA
Guarapari,547.3997851798212,548.1632386799693,515.8459087617663,530.9650471356051,503.8317728319268,645.7953696788649,1381,2021,GUARAPARI
Guaçuí,539.2793861527482,549.8070796460178,501.0192719486079,522.8304068522485,502.1398230088493,627.4835886214443,467,2021,GUACUI
Itapemirim,512.1668139963167,510.7002932551321,480.7030386740332,495.06464088397746,477.9357771260995,603.8857142857142,362,2021,ITAPEMIRIM
Iúna,533.8187735094043,539.2612167300377,495.19831932773064,516.7981992797116,494.48035487959504,629.8275862068965,833,2021,IUNA
Jaguaré,526.3311266666667,524.8218884120168,492.15599999999984,511.43360000000007,492.87339055793984,620.3305785123966,250,2021,JAGUARE
João Neiva,566.2503194444447,574.7951327433627,522.1820833333336,541.640416666667,519.1402654867259,683.3333333333334,240,2021,JOAO NEIVA
Linhares,541.2700904088052,542.0562216624676,502.89674528301856,522.7604058518177,498.9681955645164,646.1210653753027,2120,2021,LINHARES
Marataízes,527.3575046382189,528.9768627450985,493.8627087198518,507.27532467532484,480.11921568627434,631.0898661567877,539,2021,MARATAIZES
Mimoso do Sul,530.0303772683859,533.2525373134329,493.47306590257904,503.7638968481379,492.3026865671645,633.8323353293413,349,2021,MIMOSO DO SUL
Montanha,520.8057442067737,515.8216763005781,487.892245989305,505.0897849462367,478.1179190751446,621.5934065934066,374,2021,MONTANHA
Nova Venécia,544.4778042722306,555.5615384615387,503.2803278688527,524.6695976154991,508.22951334379934,638.1126331811263,671,2021,NOVA VENECIA
Pedro Canário,508.02528417818723,500.74200000000013,470.79400921659,482.16036866359417,473.2195000000002,622.1153846153846,217,2021,PEDRO CANARIO
Pinheiros,519.9886764705883,524.317948717949,489.36862745098017,506.87205882352964,474.81743589743564,613.6787564766839,204,2021,PINHEIROS
Santa Maria de Jetibá,537.0629351316637,540.5677551020409,499.36589595375665,527.4050096339115,501.1226530612245,619.7647058823529,519,2021,SANTA MARIA DE JETIBA
Santa Teresa,554.4333505866114,561.0844492440601,513.4142857142856,537.6343685300207,513.2228941684664,651.7745302713987,483,2021,SANTA TERESA
Serra,537.8390858876124,536.677904839699,507.2272413793128,527.1195631346992,495.3141106800086,628.0188679245283,5220,2021,SERRA
Sooretama,511.4623809523807,501.3687861271678,486.0841269841269,493.39735449735474,475.23179190751455,602.1739130434783,189,2021,SOORETAMA
São Gabriel da Palha,531.7615301120443,528.0587196467987,495.19243697478964,516.9554621848745,489.73642384105983,631.8376068376068,476,2021,SAO GABRIEL DA PALHA
São Mateus,531.2730952380961,532.6447674418614,498.02186927306,518.1821733821732,491.90142027114314,621.5762925598991,1638,2021,SAO MATEUS
Venda Nova do Imigrante,556.567090103397,567.5370542635662,513.1363367799115,535.8042836041361,516.3306976744178,655.4054054054054,677,2021,VENDA NOVA DO IMIGRANTE
Viana,521.2894473838921,518.940494296578,496.27195767195747,512.6874558303881,483.67243346007615,603.1751824817518,567,2021,VIANA
Vila Velha,564.9720081249023,568.191793828418,527.9081886251392,549.8105531643552,519.7930496694358,665.593082068853,6277,2021,VILA VELHA
Vitória,576.3822563484904,581.747161989796,533.776566265058,558.7634458848331,527.7132174744906,687.6901755466585,6642,2021,VITORIA
Água Doce do Norte,512.1578711484592,514.288793103448,481.6823529411763,501.7697478991596,470.7775862068966,597.7586206896551,119,2021,AGUA DOCE DO NORTE
Afonso Cláudio,550.3813341750838,544.3788359788359,506.30782828282855,531.0138888888883,493.512962962963,683.9583333333334,396,2022,AFONSO CLAUDIO
Alegre,548.8458165096454,544.4541782729812,512.0701211305524,528.7974427994611,501.1227019498606,666.3572433192686,743,2022,ALEGRE
Anchieta,553.3113703703705,552.7247482014383,525.5665277777778,534.8581363004174,497.8044604316545,660.2005730659026,720,2022,ANCHIETA
Aracruz,560.9839686537921,564.2828264758499,526.1858102434924,540.9058873002526,504.18944543828246,676.1139896373057,1191,2022,ARACRUZ
Baixo Guandu,548.0234767025088,551.1694029850745,515.8555555555556,526.6093189964157,495.30074626865684,658.2022471910112,279,2022,BAIXO GUANDU
Barra de São Francisco,534.327373438527,532.328183716075,507.2593688362918,515.7526627218938,482.26680584551156,639.5934959349594,507,2022,BARRA DE SAO FRANCISCO
Brejetuba,546.985442477876,543.514423076923,512.4300884955752,539.4716814159291,496.68076923076944,650.6422018348624,113,2022,BREJETUBA
Cachoeiro de Itapemirim,556.4418533680691,553.6830136986309,520.6747301823581,531.4027177959788,501.29322896281917,684.173166926677,2687,2022,CACHOEIRO DE ITAPEMIRIM
Cariacica,540.1958504319659,536.3863988522234,519.2719146637849,528.2584910762565,491.6336011477757,631.8551782206006,3704,2022,CARIACICA
Castelo,555.1359899458629,562.6705882352942,515.621113689095,533.2366589327139,506.21078431372564,668.0871670702179,431,2022,CASTELO
Colatina,561.9249057896536,563.5422198041355,523.968499486126,539.8320657759505,506.27388465723715,682.4907260201378,1946,2022,COLATINA
Conceição da Barra,521.2108372093026,511.4358585858585,500.8520930232561,506.12930232558125,483.6676767676768,612.1739130434783,215,2022,CONCEICAO DA BARRA
Domingos Martins,565.039678362573,573.1682070240291,523.7966666666671,542.8901754385973,502.9460258780038,688.0935251798561,570,2022,DOMINGOS MARTINS
Ecoporanga,523.3236437246961,521.515481171548,497.41093117408917,511.88259109311747,476.54142259414226,616.1181434599156,247,2022,ECOPORANGA
Guarapari,559.2218113879004,561.729248120301,532.3000711743778,540.3035663338085,503.1953383458646,666.8786982248521,1405,2022,GUARAPARI
Guaçuí,544.4366108630954,547.4873239436625,514.3417410714287,532.3004464285708,495.8408450704223,642.9577464788732,448,2022,GUACUI
Itapemirim,532.341984126984,532.8096491228067,501.6072829131645,511.906722689076,479.8602339181287,640.0581395348837,357,2022,ITAPEMIRIM
Iúna,547.455903199675,547.7370843989776,511.8755771567444,529.0374240583229,494.8044757033248,664.6055979643766,823,2022,IUNA
Jaguaré,544.3143417366946,541.5489177489179,510.5008438818563,526.5582278481011,491.7545454545452,657.3913043478261,238,2022,JAGUARE
João Neiva,579.938516886931,592.3207547169816,530.6881057268721,546.764757709251,520.8410377358491,719.6444444444444,227,2022,JOAO NEIVA
Linhares,550.9069461032013,550.922200678623,516.9984382177313,530.2995860165604,496.2223460979156,666.9718645684311,2177,2022,LINHARES
Marataízes,540.9781594202892,541.0298892988933,511.99825783972096,518.4402439024392,490.6721402214024,649.367088607595,575,2022,MARATAIZES
Mimoso do Sul,543.6426546629735,538.2679083094558,507.1626038781158,525.272022160665,495.68108882521466,657.5931232091691,361,2022,MIMOSO DO SUL
Montanha,525.7801792635659,518.19756097561,493.8479651162791,511.82587209302295,480.97408536585385,627.4777448071217,344,2022,MONTANHA
Nova Venécia,552.858761329306,554.8162717219583,517.6030211480363,534.6424471299092,498.520063191153,663.7151702786377,662,2022,NOVA VENECIA
Pedro Canário,529.540234741784,527.682178217822,490.225821596244,508.8018779342722,477.7831683168315,655.7843137254902,213,2022,PEDRO CANARIO
Pinheiros,532.094831871345,523.593488372093,501.95745614035087,517.606140350877,480.9293023255812,646.5437788018434,228,2022,PINHEIROS
Santa Maria de Jetibá,551.1068620943955,550.2593607305937,521.1234513274338,533.1409292035396,500.8931506849318,654.2660550458716,452,2022,SANTA MARIA DE JETIBA
Santa Teresa,557.8351093951092,559.1832993890021,519.2187258687262,541.6323017408125,503.66211812627256,675.4655870445345,518,2022,SANTA TERESA
Serra,549.0758654088047,548.1687088405517,525.4470266188404,536.9832924296788,499.23222909598906,642.966601178782,5300,2022,SERRA
Sooretama,519.2727723577234,501.8184210526315,491.20829268292675,510.4468292682926,467.3152631578946,634.0625,205,2022,SOORETAMA
São Gabriel da Palha,548.8384785766157,545.9937062937064,514.3647058823531,525.6122004357303,496.0202797202791,665.2328159645233,459,2022,SAO GABRIEL DA PALHA
São Mateus,546.2693929225148,545.5124838292355,516.3668090298976,529.3716900549116,498.33997412677877,648.248730964467,1639,2022,SAO MATEUS
Venda Nova do Imigrante,567.0314434297314,576.5082278481009,528.2814307458141,548.8080669710808,510.3333860759492,679.3081761006289,657,2022,VENDA NOVA DO IMIGRANTE
Viana,531.1618459069024,527.5295847750866,512.6008025682182,520.4515248796146,483.2472318339103,619.5932203389831,623,2022,VIANA
Vila Velha,574.2641640698027,577.06564296272,541.7433068412014,553.8675031172069,517.1546066677623,687.2671902548485,6418,2022,VILA VELHA
Vitória,589.5476103769703,597.8027479674801,549.637528815125,565.9021060722512,531.2207642276426,711.4967599178126,6508,2022,VITORIA
Água Doce do Norte,518.4273600973237,512.2736000000001,494.070802919708,508.0109489051095,471.1248000000002,620.46875,137,2022,AGUA DOCE DO NORTE
Afonso Cláudio,550.2316943127959,554.4051851851848,518.5341232227487,529.3600950118765,498.9955665024633,657.9411764705883,422,2023,AFONSO CLAUDIO
Alegre,551.840932135729,547.0076073619631,516.7786826347301,532.8130538922147,509.9306748466253,657.4723926380368,835,2023,ALEGRE
Anchieta,556.5214628670119,558.7892274211105,527.1251813471504,531.6954404145082,504.9715995647451,666.1052631578947,965,2023,ANCHIETA
Aracruz,564.0087577639737,566.7119341563787,532.0720062208386,542.6784161490687,513.8150617283941,672.592,1288,2023,ARACRUZ
Baixo Guandu,553.897627013631,559.3928853754938,521.7122676579926,531.3628252788102,511.7276679841895,652.3664122137404,269,2023,BAIXO GUANDU
Barra de São Francisco,535.5074667774082,534.6050522648079,509.2901993355484,517.9396321070235,491.9998257839725,630.1528013582343,602,2023,BARRA DE SAO FRANCISCO
Brejetuba,540.4075338753389,530.2016949152542,510.3672131147541,521.4647540983605,494.41694915254226,652.1008403361344,123,2023,BREJETUBA
Cachoeiro de Itapemirim,560.421365889377,556.1684659090917,524.8812986134599,530.6700033818064,509.6216341030188,687.6216968011126,2959,2023,CACHOEIRO DE ITAPEMIRIM
Cariacica,538.8291729431174,531.4697754353795,518.2894340434677,526.9026712623862,498.80657502863863,626.7008470798038,4647,2023,CARIACICA
Castelo,562.3843453644728,568.8414253897553,522.0053078556268,532.8868365180465,513.2801781737197,681.3015184381778,471,2023,CASTELO
Colatina,562.3100481554038,560.0201241593381,529.3236532810969,539.8618627450994,514.4838075530256,675.070707070707,2042,2023,COLATINA
Conceição da Barra,513.6689338235294,499.4386100386099,497.11617647058824,503.3150735294118,477.40656370656376,596.8702290076336,272,2023,CONCEICAO DA BARRA
Domingos Martins,576.4525510752684,586.7522765598653,529.0475806451617,542.3022617124394,512.245531197302,712.8221859706363,620,2023,DOMINGOS MARTINS
Ecoporanga,521.4856639004149,526.4206008583687,498.6975103734437,507.8419087136932,476.63476394849766,611.858407079646,241,2023,ECOPORANGA
Guarapari,550.5381610530374,547.952089642642,525.4609756097562,535.813472706155,504.77292549969707,646.9481302774427,1722,2023,GUARAPARI
Guaçuí,557.2904872749846,552.9071984435799,523.622160148976,536.7603738317761,510.209338521401,669.5183044315992,537,2023,GUACUI
Itapemirim,526.5399598393577,520.6022500000001,499.56072289156555,508.28,487.41350000000006,627.070707070707,415,2023,ITAPEMIRIM
Iúna,557.0483239171376,562.5688679245286,520.9560451977393,532.5148022598868,513.3015330188681,666.5650644783118,885,2023,IUNA
Jaguaré,537.3275311203321,535.3621004566209,504.5543568464729,519.509958506224,485.87625570776254,653.1601731601731,241,2023,JAGUARE
João Neiva,573.181827956989,576.5861244019139,534.0755760368662,552.4806451612901,520.9588516746413,694.2995169082126,217,2023,JOAO NEIVA
Linhares,557.5946020321768,556.7342986425343,524.6878864887763,534.9857142857142,510.06696832579195,669.5968448729185,2362,2023,LINHARES
Marataízes,543.0014278296994,546.5370370370366,515.3188473520247,517.6961059190023,498.3727858293084,642.9951690821256,642,2023,MARATAIZES
Mimoso do Sul,553.1917321116932,544.8550135501354,516.8547120418848,522.4835078534035,502.3880758807586,685.6603773584906,382,2023,MIMOSO DO SUL
Montanha,539.5304156171284,520.0575520833331,509.88035264483614,517.998992443325,494.50624999999985,655.1282051282051,397,2023,MONTANHA
Nova Venécia,556.2304770049409,558.6040963855424,523.7584948688703,534.6552511415524,507.00313253012024,661.4469078179696,877,2023,NOVA VENECIA
Pedro Canário,523.3306919374247,509.5232209737827,495.96498194945855,493.0451263537908,478.4910112359555,650.5343511450382,277,2023,PEDRO CANARIO
Pinheiros,532.9474494142705,519.2244966442951,508.33578274760424,515.1258785942493,487.526174496644,642.9605263157895,313,2023,PINHEIROS
Santa Maria de Jetibá,552.9956633986927,556.0429166666669,523.7698039215692,533.5956862745101,508.5920833333326,651.1022044088177,510,2023,SANTA MARIA DE JETIBA
Santa Teresa,559.8212477396025,549.5772727272725,524.9408679927661,534.3621376811594,512.382007575757,681.8691588785047,553,2023,SANTA TERESA
Serra,547.3087277334555,545.9871983378617,525.5785456187907,531.656150135666,504.3425695110239,636.4324661162175,6643,2023,SERRA
Sooretama,514.7396245421244,497.0158823529414,497.2609890109885,502.16593406593427,474.659411764706,613.9080459770115,182,2023,SOORETAMA
São Gabriel da Palha,555.4645809703843,554.9561752988045,520.6472589792062,530.7217391304349,503.18486055776884,675.5813953488372,529,2023,SAO GABRIEL DA PALHA
São Mateus,547.9124402613028,544.6886302111523,519.6767165720177,525.6369643779038,506.2237682728748,652.4042553191489,1939,2023,SAO MATEUS
Venda Nova do Imigrante,567.990342178771,573.5489795918369,528.6909217877092,543.2768156424578,520.2545189504368,678.5531914893617,716,2023,VENDA NOVA DO IMIGRANTE
Viana,533.1753417665326,519.8665260196913,516.4123834886819,520.1714285714285,492.4781997187062,623.1301939058171,751,2023,VIANA
Vila Velha,572.1218462425077,576.7710270747509,540.5801189817373,550.6715650969529,522.5317834020019,676.9636776390465,7230,2023,VILA VELHA
Vitória,589.7953283649532,600.9535977337098,549.4572919490362,562.5910484199104,539.1952563013319,706.0581605676916,7380,2023,VITORIA
Água Doce do Norte,523.1870539906101,523.8618320610686,504.1084507042252,508.2957746478873,483.23816793893144,608.2014388489208,142,2023,AGUA DOCE DO NORTE
Afonso Cláudio,547.2619565217396,528.6695754716978,524.8006864988558,516.4141876430205,488.1872641509433,688.3091787439613,437,2024,AFONSO CLAUDIO
Alegre,545.5436295848451,535.0056818181815,525.0519370460052,517.101815980629,500.3910353535353,657.5062344139651,827,2024,ALEGRE
Anchieta,555.1977934517589,539.6535947712415,531.7432601880882,521.255230125523,502.46546840958575,685.7630736392742,957,2024,ANCHIETA
Aracruz,561.7682387619752,544.1903175832689,538.5891672807661,532.4673062730619,515.3348567002332,685.1070336391438,1357,2024,ARACRUZ
Baixo Guandu,546.9447964015146,543.880838323353,529.6071022727269,514.4710227272725,500.54101796407195,657.3809523809524,352,2024,BAIXO GUANDU
Barra de São Francisco,534.1836439842217,519.5073437499998,520.6912721893495,502.1161721068253,479.4050000000002,659.1331269349845,676,2024,BARRA DE SAO FRANCISCO
Brejetuba,548.5964467592594,530.5051094890515,525.984722222222,510.27152777777764,484.06058394160584,705.0,144,2024,BREJETUBA
Cachoeiro de Itapemirim,561.2574131832788,550.2138945233239,533.0451125401921,521.0835907335907,506.14362529590824,704.9032688458973,3110,2024,CACHOEIRO DE ITAPEMIRIM
Cariacica,539.8625488936466,518.9285553555368,528.1715142428781,516.3826543739268,492.5274915635549,649.6395791358854,4670,2024,CARIACICA
Castelo,568.8876651982381,567.2914746543781,537.796475770925,529.5618942731279,512.9921658986175,707.1559633027523,454,2024,CASTELO
Colatina,564.2349891990704,550.5976817702846,538.7363409770691,529.6905735660846,513.5282402528982,696.2338334195551,2006,2024,COLATINA
Conceição da Barra,519.7066414904328,492.41446540880554,512.65589123867,492.90243161094213,477.1886792452831,631.125,331,2024,CONCEICAO DA BARRA
Domingos Martins,574.1340885040897,562.7787234042557,535.5457431457431,530.2176046176045,514.1665653495438,731.437037037037,693,2024,DOMINGOS MARTINS
Ecoporanga,522.2380773606372,511.20036363636365,509.951877133106,493.85324232081854,474.6189090909093,645.9607843137255,293,2024,ECOPORANGA
Guarapari,553.0787259747387,536.0095647193592,536.7348351648347,526.4268533772644,506.48854524627694,668.7406555491661,1821,2024,GUARAPARI
Guaçuí,546.4636358244368,534.1960377358489,525.271886120997,517.3786476868331,497.82716981132035,668.8059701492538,562,2024,GUACUI
Itapemirim,537.2743000693001,527.3665943600874,516.7995833333335,499.753125,486.455,659.8728813559322,481,2024,ITAPEMIRIM
Iúna,558.524850427351,550.1163995067822,531.8328671328672,523.8596266044343,507.2342786683104,689.0533980582525,858,2024,IUNA
Jaguaré,543.8373768613974,524.674814814815,521.1195876288657,505.714432989691,492.1262962962961,686.8100358422939,291,2024,JAGUARE
João Neiva,573.7152518756701,562.8858585858585,539.1035369774922,539.4745980707397,520.9542087542089,711.3157894736842,311,2024,JOAO NEIVA
Linhares,557.7353949349769,544.4742231947486,532.0289235825816,524.3475133579952,505.53024070021854,688.938689217759,2435,2024,LINHARES
Marataízes,554.4588456284154,545.4011594202889,529.3964480874309,515.3892076502729,496.6484057971013,689.7350069735007,732,2024,MARATAIZES
Mimoso do Sul,552.0276558603489,521.0768229166669,526.7945137157104,506.4476309226928,496.94099216710197,714.7286821705426,401,2024,MIMOSO DO SUL
Montanha,536.1238158871564,509.697882352941,516.4527839643657,504.77839643652567,487.80564705882364,669.9069767441861,449,2024,MONTANHA
Nova Venécia,557.0211963419181,546.5836084905657,529.6094064949614,520.4823068309071,503.4142520612487,693.3101045296168,893,2024,NOVA VENECIA
Pedro Canário,522.5676608187135,509.24565217391313,506.1728070175443,485.1099706744869,469.70217391304385,653.0886850152905,342,2024,PEDRO CANARIO
Pinheiros,533.2341509433963,512.6772413793108,515.6430817610062,502.50094637223964,478.56206896551726,664.655737704918,318,2024,PINHEIROS
Santa Maria de Jetibá,551.5621799746511,532.0361963190178,528.8131178707221,520.6903041825094,501.3633946830267,679.4961240310078,526,2024,SANTA MARIA DE JETIBA
Santa Teresa,562.5263581314878,550.7541666666659,538.2505190311416,532.0496539792388,508.0842391304347,687.9285714285714,578,2024,SANTA TERESA
Serra,547.3074847484085,531.9030320615107,532.5170681348918,520.4288450937133,500.95248803133615,658.0405114207729,7267,2024,SERRA
Sooretama,517.4590663580251,487.4751196172248,510.9245370370368,492.74351851851833,462.21626794258367,633.8679245283018,216,2024,SOORETAMA
São Gabriel da Palha,552.7692335290284,528.0699797160244,528.6941291585123,518.405294117647,489.71075050709936,705.6854838709677,511,2024,SAO GABRIEL DA PALHA
São Mateus,549.979803722504,535.036334576452,529.2336719146766,518.4150914634145,501.9675546084183,672.1447299423178,1970,2024,SAO MATEUS
Venda Nova do Imigrante,567.088645054032,557.4994798439526,536.5413965087288,536.3491271820449,510.9605981794535,700.3580562659846,802,2024,VENDA NOVA DO IMIGRANTE
Viana,530.4582029152281,507.5261761158028,521.1558112773303,506.71186635944724,486.10867469879497,640.048602673147,869,2024,VIANA
Vila Velha,572.3195518009353,561.5846195286194,547.6534121578196,543.1581897660055,521.5088876918941,695.5989894960776,7783,2024,VILA VELHA
Vitória,590.1683040667464,588.0670010995063,556.9028706252444,557.5884120734884,537.9346391752592,719.3387533875339,7631,2024,VITORIA
Água Doce do Norte,519.0173085585585,493.7150684931506,513.0782312925169,497.27891156462584,467.43904109589033,635.3956834532374,148,2024,AGUA DOCE DO NORTE
